horodatage;temps_s;TempRTD1 (°C)
2026-09-30T16:59:17.489+02:00;1.611035;21.905
2026-09-30T16:59:19.160+02:00;3.282450;21.898
2026-09-30T16:59:20.832+02:00;4.953814;21.893
2026-09-30T16:59:22.503+02:00;6.625234;21.886
2026-09-30T16:59:24.174+02:00;8.296531;21.879
2026-09-30T16:59:25.846+02:00;9.967856;21.874
2026-09-30T16:59:27.517+02:00;11.639198;21.868
2026-09-30T16:59:29.188+02:00;13.310596;21.862
2026-09-30T16:59:30.860+02:00;14.981866;21.857
2026-09-30T16:59:32.531+02:00;16.653243;21.85
2026-09-30T16:59:34.202+02:00;18.324625;21.845
2026-09-30T16:59:35.874+02:00;19.996046;21.839
2026-09-30T16:59:37.545+02:00;21.667301;21.834
2026-09-30T16:59:39.217+02:00;23.338706;21.829
2026-09-30T16:59:40.888+02:00;25.009885;21.823
2026-09-30T16:59:42.559+02:00;26.681198;21.817
2026-09-30T16:59:44.230+02:00;28.352653;21.815
2026-09-30T16:59:45.902+02:00;30.024055;21.804
2026-09-30T16:59:47.573+02:00;31.695126;21.791
2026-09-30T16:59:49.244+02:00;33.366632;21.782
2026-09-30T16:59:50.916+02:00;35.037858;21.773
2026-09-30T16:59:52.587+02:00;36.709131;21.768
2026-09-30T16:59:54.258+02:00;38.380501;21.767
2026-09-30T16:59:55.930+02:00;40.051808;21.768
2026-09-30T16:59:57.601+02:00;41.723304;21.768
2026-09-30T16:59:59.272+02:00;43.394476;21.751
2026-09-30T17:00:00.944+02:00;45.065707;21.708
2026-09-30T17:00:02.615+02:00;46.737151;21.627
2026-09-30T17:00:04.286+02:00;48.408471;21.465
2026-09-30T17:00:05.958+02:00;50.079809;21.169
2026-09-30T17:00:07.629+02:00;51.750992;20.769
2026-09-30T17:00:09.300+02:00;53.422466;20.305
2026-09-30T17:00:10.971+02:00;55.093632;19.797
2026-09-30T17:00:12.643+02:00;56.764969;19.25
2026-09-30T17:00:14.314+02:00;58.436216;18.681
2026-09-30T17:00:15.986+02:00;60.107775;18.097
2026-09-30T17:00:17.657+02:00;61.779130;17.507
2026-09-30T17:00:19.328+02:00;63.450337;16.916
2026-09-30T17:00:21.000+02:00;65.121708;16.326
2026-09-30T17:00:22.671+02:00;66.793015;15.742
2026-09-30T17:00:24.342+02:00;68.464401;15.168
2026-09-30T17:00:26.013+02:00;70.135627;14.61
2026-09-30T17:00:27.685+02:00;71.807064;14.067
2026-09-30T17:00:29.356+02:00;73.478406;13.539
2026-09-30T17:00:31.028+02:00;75.149739;13.03
2026-09-30T17:00:32.699+02:00;76.820849;12.539
2026-09-30T17:00:34.370+02:00;78.492348;12.066
2026-09-30T17:00:36.041+02:00;80.163542;11.61
2026-09-30T17:00:37.713+02:00;81.834985;11.173
2026-09-30T17:00:39.384+02:00;83.506336;10.75
2026-09-30T17:00:41.056+02:00;85.177685;10.341
2026-09-30T17:00:42.727+02:00;86.848869;9.933
2026-09-30T17:00:44.398+02:00;88.520253;9.53
2026-09-30T17:00:46.069+02:00;90.191490;9.134
2026-09-30T17:00:47.741+02:00;91.862985;8.75
2026-09-30T17:00:49.412+02:00;93.534403;8.373
2026-09-30T17:00:51.083+02:00;95.205640;7.998
2026-09-30T17:00:52.755+02:00;96.876986;7.621
2026-09-30T17:00:54.426+02:00;98.548311;7.24
2026-09-30T17:00:56.097+02:00;100.219669;6.846
2026-09-30T17:00:57.769+02:00;101.890912;6.443
2026-09-30T17:00:59.440+02:00;103.562301;6.019
2026-09-30T17:01:01.111+02:00;105.233514;5.576
2026-09-30T17:01:02.783+02:00;106.904856;5.127
2026-09-30T17:01:04.454+02:00;108.576183;4.677
2026-09-30T17:01:06.126+02:00;110.247699;4.23
2026-09-30T17:01:07.797+02:00;111.918810;3.79
2026-09-30T17:01:09.468+02:00;113.590197;3.368
2026-09-30T17:01:11.139+02:00;115.261388;2.964
2026-09-30T17:01:12.811+02:00;116.932949;2.578
2026-09-30T17:01:14.482+02:00;118.604233;2.211
2026-09-30T17:01:16.153+02:00;120.275376;1.862
2026-09-30T17:01:17.825+02:00;121.946881;1.53
2026-09-30T17:01:19.496+02:00;123.618079;1.212
2026-09-30T17:01:21.167+02:00;125.289397;0.91
2026-09-30T17:01:22.838+02:00;126.960591;0.621
2026-09-30T17:01:24.510+02:00;128.631936;0.349
2026-09-30T17:01:26.181+02:00;130.303250;0.091
2026-09-30T17:01:27.852+02:00;131.974569;-0.153
2026-09-30T17:01:29.524+02:00;133.645866;-0.387
2026-09-30T17:01:31.195+02:00;135.317276;-0.611
2026-09-30T17:01:32.866+02:00;136.988498;-0.825
2026-09-30T17:01:34.538+02:00;138.659876;-1.03
2026-09-30T17:01:36.209+02:00;140.331222;-1.229
2026-09-30T17:01:37.880+02:00;142.002514;-1.421
2026-09-30T17:01:39.552+02:00;143.673838;-1.609
2026-09-30T17:01:41.223+02:00;145.345224;-1.791
2026-09-30T17:01:42.894+02:00;147.016514;-1.969
2026-09-30T17:01:44.566+02:00;148.687864;-2.143
2026-09-30T17:01:46.237+02:00;150.359144;-2.314
2026-09-30T17:01:47.908+02:00;152.030456;-2.482
2026-09-30T17:01:49.580+02:00;153.701771;-2.647
2026-09-30T17:01:51.251+02:00;155.373061;-2.807
2026-09-30T17:01:52.922+02:00;157.044401;-2.966
2026-09-30T17:01:54.594+02:00;158.715695;-3.121
2026-09-30T17:01:56.265+02:00;160.386937;-3.272
2026-09-30T17:01:57.936+02:00;162.058247;-3.422
2026-09-30T17:01:59.607+02:00;163.729555;-3.568
2026-09-30T17:02:01.279+02:00;165.400835;-3.712
2026-09-30T17:02:02.950+02:00;167.072249;-3.853
2026-09-30T17:02:04.621+02:00;168.743465;-3.99
2026-09-30T17:02:06.293+02:00;170.414768;-4.125
2026-09-30T17:02:07.964+02:00;172.086028;-4.258
2026-09-30T17:02:09.635+02:00;173.757363;-4.387
2026-09-30T17:02:11.306+02:00;175.428669;-4.512
2026-09-30T17:02:12.978+02:00;177.099970;-4.636
2026-09-30T17:02:14.649+02:00;178.771249;-4.754
2026-09-30T17:02:16.320+02:00;180.442554;-3.398
2026-09-30T17:02:17.992+02:00;182.113836;-1.782
2026-09-30T17:02:19.663+02:00;183.785232;-1.017
2026-09-30T17:02:21.334+02:00;185.456542;-0.593
2026-09-30T17:02:23.006+02:00;187.127782;-0.349
2026-09-30T17:02:24.677+02:00;188.799024;-0.205
2026-09-30T17:02:26.348+02:00;190.470406;-0.117
2026-09-30T17:02:28.020+02:00;192.141678;-0.063
2026-09-30T17:02:29.691+02:00;193.812839;-0.028
2026-09-30T17:02:31.362+02:00;195.484447;-0.007
2026-09-30T17:02:33.033+02:00;197.155634;0.006
2026-09-30T17:02:34.705+02:00;198.826895;0.015
2026-09-30T17:02:36.376+02:00;200.498383;0.021
2026-09-30T17:02:38.047+02:00;202.169559;0.024
2026-09-30T17:02:39.719+02:00;203.840910;0.028
2026-09-30T17:02:41.390+02:00;205.512194;0.029
2026-09-30T17:02:43.061+02:00;207.183620;0.031
2026-09-30T17:02:44.733+02:00;208.854791;0.031
2026-09-30T17:02:46.404+02:00;210.526061;0.031
2026-09-30T17:02:48.075+02:00;212.197323;0.031
2026-09-30T17:02:49.746+02:00;213.868641;0.033
2026-09-30T17:02:51.418+02:00;215.539853;0.031
2026-09-30T17:02:53.089+02:00;217.211381;0.032
2026-09-30T17:02:54.760+02:00;218.882470;0.032
2026-09-30T17:02:56.432+02:00;220.553958;0.031
2026-09-30T17:02:58.103+02:00;222.225125;0.031
2026-09-30T17:02:59.774+02:00;223.896342;0.031
2026-09-30T17:03:01.445+02:00;225.567661;0.031
2026-09-30T17:03:03.117+02:00;227.239143;0.032
2026-09-30T17:03:04.788+02:00;228.910285;0.033
2026-09-30T17:03:06.459+02:00;230.581564;0.033
2026-09-30T17:03:08.131+02:00;232.253278;0.032
2026-09-30T17:03:09.802+02:00;233.924283;0.032
2026-09-30T17:03:11.473+02:00;235.595584;0.033
2026-09-30T17:03:13.145+02:00;237.266942;0.034
2026-09-30T17:03:14.816+02:00;238.938251;0.033
2026-09-30T17:03:16.487+02:00;240.609329;0.034
2026-09-30T17:03:18.158+02:00;242.280655;0.034
2026-09-30T17:03:19.830+02:00;243.952179;0.033
2026-09-30T17:03:21.501+02:00;245.623330;0.032
2026-09-30T17:03:23.173+02:00;247.294720;0.032
2026-09-30T17:03:24.844+02:00;248.965993;0.032
2026-09-30T17:03:26.515+02:00;250.637464;0.032
2026-09-30T17:03:28.186+02:00;252.308639;0.032
2026-09-30T17:03:29.858+02:00;253.979852;0.033
2026-09-30T17:03:31.529+02:00;255.651244;0.033
2026-09-30T17:03:33.200+02:00;257.322631;0.033
2026-09-30T17:03:34.872+02:00;258.993693;0.033
2026-09-30T17:03:36.543+02:00;260.665023;0.033
2026-09-30T17:03:38.214+02:00;262.336350;0.032
2026-09-30T17:03:39.885+02:00;264.007639;0.032
2026-09-30T17:03:41.557+02:00;265.678989;0.032
2026-09-30T17:03:43.228+02:00;267.350295;0.032
2026-09-30T17:03:44.899+02:00;269.021527;0.032
2026-09-30T17:03:46.571+02:00;270.692927;0.033
2026-09-30T17:03:48.242+02:00;272.364170;0.033
2026-09-30T17:03:49.913+02:00;274.035458;0.032
2026-09-30T17:03:51.585+02:00;275.706687;0.032
2026-09-30T17:03:53.256+02:00;277.377990;0.032
2026-09-30T17:03:54.927+02:00;279.049290;0.032
2026-09-30T17:03:56.598+02:00;280.720616;0.032
2026-09-30T17:03:58.270+02:00;282.391794;0.033
2026-09-30T17:03:59.941+02:00;284.063061;0.033
2026-09-30T17:04:01.612+02:00;285.734457;0.032
2026-09-30T17:04:03.284+02:00;287.405759;0.032
2026-09-30T17:04:04.955+02:00;289.076979;0.033
2026-09-30T17:04:06.626+02:00;290.748179;0.033
2026-09-30T17:04:08.297+02:00;292.419531;0.032
2026-09-30T17:04:09.969+02:00;294.090934;0.032
2026-09-30T17:04:11.640+02:00;295.762056;0.032
2026-09-30T17:04:13.311+02:00;297.433460;0.033
2026-09-30T17:04:14.983+02:00;299.104825;0.032
2026-09-30T17:04:16.654+02:00;300.776066;0.032
2026-09-30T17:04:18.325+02:00;302.447439;0.032
2026-09-30T17:04:19.997+02:00;304.118676;0.032
2026-09-30T17:04:21.668+02:00;305.790004;0.032
2026-09-30T17:04:23.339+02:00;307.461212;0.031
2026-09-30T17:04:25.010+02:00;309.132657;0.031
2026-09-30T17:04:26.682+02:00;310.803825;0.032
2026-09-30T17:04:28.353+02:00;312.475055;0.032
2026-09-30T17:04:30.024+02:00;314.146253;0.031
2026-09-30T17:04:31.696+02:00;315.817729;0.031
2026-09-30T17:04:33.367+02:00;317.488785;0.03
2026-09-30T17:04:35.038+02:00;319.160071;0.03
2026-09-30T17:04:36.709+02:00;320.831480;0.029
2026-09-30T17:04:38.381+02:00;322.503001;0.028
2026-09-30T17:04:40.052+02:00;324.174106;0.026
2026-09-30T17:04:41.723+02:00;325.845295;0.025
2026-09-30T17:04:43.395+02:00;327.516724;0.024
2026-09-30T17:04:45.066+02:00;329.188110;0.022
2026-09-30T17:04:46.737+02:00;330.859184;0.02
2026-09-30T17:04:48.408+02:00;332.530514;0.017
2026-09-30T17:04:50.080+02:00;334.201815;0.016
2026-09-30T17:04:51.751+02:00;335.873196;0.013
2026-09-30T17:04:53.422+02:00;337.544383;0.011
2026-09-30T17:04:55.094+02:00;339.215705;0.008
2026-09-30T17:04:56.765+02:00;340.886946;0.006
2026-09-30T17:04:58.436+02:00;342.558406;0.002
2026-09-30T17:05:00.108+02:00;344.229681;0.001
2026-09-30T17:05:01.779+02:00;345.900793;-0.004
2026-09-30T17:05:03.450+02:00;347.572145;-0.008
2026-09-30T17:05:05.121+02:00;349.243406;-0.011
2026-09-30T17:05:06.793+02:00;350.914706;-0.015
2026-09-30T17:05:08.464+02:00;352.586087;-0.018
2026-09-30T17:05:10.135+02:00;354.257308;-0.023
2026-09-30T17:05:11.806+02:00;355.928613;-0.027
2026-09-30T17:05:13.478+02:00;357.599951;-0.032
2026-09-30T17:05:15.149+02:00;359.271138;-0.037
2026-09-30T17:05:16.820+02:00;360.942415;-0.042
2026-09-30T17:05:18.492+02:00;362.613862;-0.047
2026-09-30T17:05:20.163+02:00;364.285148;-0.053
2026-09-30T17:05:21.834+02:00;365.956436;-0.058
2026-09-30T17:05:23.506+02:00;367.627708;-0.064
2026-09-30T17:05:25.177+02:00;369.298964;-0.07
2026-09-30T17:05:26.848+02:00;370.970347;-0.076
2026-09-30T17:05:28.519+02:00;372.641660;-0.081
2026-09-30T17:05:30.191+02:00;374.312957;-0.088
2026-09-30T17:05:31.862+02:00;375.984122;-0.095
2026-09-30T17:05:33.533+02:00;377.655536;-0.103
2026-09-30T17:05:35.205+02:00;379.326737;-0.111
2026-09-30T17:05:36.876+02:00;380.998103;-0.118
2026-09-30T17:05:38.547+02:00;382.669324;-0.125
2026-09-30T17:05:40.218+02:00;384.340493;-0.133
2026-09-30T17:05:41.890+02:00;386.011771;-0.141
2026-09-30T17:05:43.561+02:00;387.683107;-0.15
2026-09-30T17:05:45.232+02:00;389.354451;-0.158
2026-09-30T17:05:46.903+02:00;391.025631;-0.165
2026-09-30T17:05:48.575+02:00;392.696919;-0.175
2026-09-30T17:05:50.246+02:00;394.368249;-0.183
2026-09-30T17:05:51.917+02:00;396.039551;-0.192
2026-09-30T17:05:53.589+02:00;397.710716;-0.202
2026-09-30T17:05:55.260+02:00;399.382086;-0.21
2026-09-30T17:05:56.931+02:00;401.053385;-0.22
2026-09-30T17:05:58.602+02:00;402.724567;-0.228
2026-09-30T17:06:00.274+02:00;404.395981;-0.239
2026-09-30T17:06:01.945+02:00;406.067240;-0.247
2026-09-30T17:06:03.616+02:00;407.738597;-0.256
2026-09-30T17:06:05.288+02:00;409.409782;-0.267
2026-09-30T17:06:06.959+02:00;411.081099;-0.275
2026-09-30T17:06:08.630+02:00;412.752321;-0.285
2026-09-30T17:06:10.302+02:00;414.423709;-0.294
2026-09-30T17:06:11.973+02:00;416.094877;-0.305
2026-09-30T17:06:13.644+02:00;417.766131;-0.314
2026-09-30T17:06:15.315+02:00;419.437443;-0.325
2026-09-30T17:06:16.987+02:00;421.108758;-0.336
2026-09-30T17:06:18.658+02:00;422.780048;-0.346
2026-09-30T17:06:20.329+02:00;424.451327;-0.359
2026-09-30T17:06:22.001+02:00;426.122696;-0.372
2026-09-30T17:06:23.672+02:00;427.793890;-0.384
2026-09-30T17:06:25.343+02:00;429.465268;-0.399
2026-09-30T17:06:27.014+02:00;431.136438;-0.412
2026-09-30T17:06:28.686+02:00;432.807775;-0.424
2026-09-30T17:06:30.357+02:00;434.479030;-0.438
2026-09-30T17:06:32.028+02:00;436.150315;-0.452
2026-09-30T17:06:33.699+02:00;437.821607;-0.467
2026-09-30T17:06:35.371+02:00;439.492927;-0.484
2026-09-30T17:06:37.042+02:00;441.164458;-0.499
2026-09-30T17:06:38.713+02:00;442.835575;-0.514
2026-09-30T17:06:40.385+02:00;444.506990;-0.529
2026-09-30T17:06:42.056+02:00;446.178124;-0.543
2026-09-30T17:06:43.727+02:00;447.849539;-0.557
2026-09-30T17:06:45.399+02:00;449.520832;-0.571
2026-09-30T17:06:47.070+02:00;451.192088;-0.584
2026-09-30T17:06:48.741+02:00;452.863347;-0.599
2026-09-30T17:06:50.412+02:00;454.534590;-0.61
2026-09-30T17:06:52.084+02:00;456.205857;-0.624
2026-09-30T17:06:53.755+02:00;457.877206;-0.636
2026-09-30T17:06:55.426+02:00;459.548377;-0.65
2026-09-30T17:06:57.097+02:00;461.219667;-0.664
2026-09-30T17:06:58.769+02:00;462.890893;-0.678
2026-09-30T17:07:00.440+02:00;464.562240;-0.693
2026-09-30T17:07:02.111+02:00;466.233511;-0.706
2026-09-30T17:07:03.783+02:00;467.904853;-0.72
2026-09-30T17:07:05.454+02:00;469.576108;-0.733
