horodatage;temps_s;TempRTD1 (°C);TempRTD2 (°C)
2026-09-21T18:13:38.348+02:00;0.417843;23.243;-10.532
2026-09-21T18:13:39.338+02:00;1.407710;23.243;-10.532
2026-09-21T18:13:40.327+02:00;2.397624;23.243;-10.541
2026-09-21T18:13:41.317+02:00;3.387500;23.233;-10.547
2026-09-21T18:13:42.307+02:00;4.377494;23.227;-10.549
2026-09-21T18:13:43.297+02:00;5.367063;23.227;-10.549
2026-09-21T18:13:44.287+02:00;6.356975;23.217;-10.559
2026-09-21T18:13:45.277+02:00;7.346950;23.205;-10.565
2026-09-21T18:13:46.267+02:00;8.336852;23.241;-10.565
2026-09-21T18:13:47.257+02:00;9.326732;23.195;-10.565
2026-09-21T18:13:48.246+02:00;10.316433;23.156;-10.569
2026-09-21T18:13:49.236+02:00;11.306199;23.126;-10.569
2026-09-21T18:13:50.226+02:00;12.296050;23.073;-10.575
2026-09-21T18:13:51.216+02:00;13.286186;23.035;-10.581
2026-09-21T18:13:52.206+02:00;14.275766;23.02;-10.581
2026-09-21T18:13:53.196+02:00;15.265746;23.016;-10.581
2026-09-21T18:13:54.186+02:00;16.255707;23.002;-10.581
2026-09-21T18:13:55.175+02:00;17.245303;23.0;-10.581
2026-09-21T18:13:56.165+02:00;18.235148;23.0;-10.581
2026-09-21T18:13:57.155+02:00;19.225213;23.0;-10.583
2026-09-21T18:13:58.145+02:00;20.214854;23.002;-10.583
2026-09-21T18:13:59.135+02:00;21.204921;23.016;-10.589
2026-09-21T18:14:00.125+02:00;22.194906;23.016;-10.595
2026-09-21T18:14:01.115+02:00;23.184668;23.0;-10.593
2026-09-21T18:14:02.104+02:00;24.174351;22.994;-10.595
2026-09-21T18:14:03.094+02:00;25.164343;22.98;-10.597
2026-09-21T18:14:04.084+02:00;26.154085;22.952;-10.597
2026-09-21T18:14:05.074+02:00;27.143907;22.923;-10.597
2026-09-21T18:14:06.064+02:00;28.133841;22.874;-10.597
2026-09-21T18:14:07.054+02:00;29.123764;22.729;-10.603
2026-09-21T18:14:08.043+02:00;30.113539;22.167;-10.613
2026-09-21T18:14:09.033+02:00;31.103507;21.551;-10.613
2026-09-21T18:14:10.023+02:00;32.093413;21.101;-10.613
2026-09-21T18:14:11.013+02:00;33.083240;20.771;-10.615
2026-09-21T18:14:12.003+02:00;34.073126;20.469;-10.613
2026-09-21T18:14:12.993+02:00;35.063104;20.191;-10.615
2026-09-21T18:14:13.983+02:00;36.052736;19.918;-10.615
2026-09-21T18:14:14.973+02:00;37.042657;19.653;-10.613
2026-09-21T18:14:15.962+02:00;38.032455;19.389;-10.617
2026-09-21T18:14:16.952+02:00;39.022292;19.124;-10.615
2026-09-21T18:14:17.942+02:00;40.012216;18.842;-10.613
2026-09-21T18:14:18.932+02:00;41.002227;18.551;-10.615
2026-09-21T18:14:19.922+02:00;41.992099;18.233;-10.613
2026-09-21T18:14:20.912+02:00;42.981941;17.915;-10.613
2026-09-21T18:14:21.901+02:00;43.971610;17.579;-10.613
2026-09-21T18:14:22.891+02:00;44.961471;17.245;-10.613
2026-09-21T18:14:23.881+02:00;45.951499;16.907;-10.613
2026-09-21T18:14:24.871+02:00;46.941243;16.575;-10.613
2026-09-21T18:14:25.861+02:00;47.931095;16.235;-10.613
2026-09-21T18:14:26.851+02:00;48.921120;15.911;-10.613
2026-09-21T18:14:28.249+02:00;50.319284;15.588;-10.613
2026-09-21T18:14:29.239+02:00;51.309464;15.135;-10.613
2026-09-21T18:14:30.229+02:00;52.299137;14.827;-10.613
2026-09-21T18:14:31.219+02:00;53.289089;14.52;-10.613
2026-09-21T18:14:32.209+02:00;54.278995;14.216;-10.613
2026-09-21T18:14:33.777+02:00;55.847544;13.925;-10.613
2026-09-21T18:14:34.758+02:00;56.828409;13.476;-10.613
2026-09-21T18:14:35.748+02:00;57.818252;13.197;-10.613
2026-09-21T18:14:36.738+02:00;58.808086;12.926;-10.613
2026-09-21T18:14:37.728+02:00;59.797838;12.659;-10.613
2026-09-21T18:14:38.718+02:00;60.787723;12.395;-10.613
2026-09-21T18:14:39.708+02:00;61.777718;12.14;-10.613
2026-09-21T18:14:40.698+02:00;62.767659;11.889;-10.613
2026-09-21T18:14:41.687+02:00;63.757478;11.645;-10.613
2026-09-21T18:14:42.677+02:00;64.747206;11.404;-10.613
2026-09-21T18:14:43.667+02:00;65.737090;11.168;-10.613
2026-09-21T18:14:44.657+02:00;66.726918;10.942;-10.613
2026-09-21T18:14:45.647+02:00;67.716771;10.715;-10.613
2026-09-21T18:14:47.199+02:00;69.269223;10.495;-10.613
2026-09-21T18:14:48.180+02:00;70.249964;10.164;-10.613
2026-09-21T18:14:49.499+02:00;71.569470;9.954;-10.613
2026-09-21T18:14:50.489+02:00;72.559287;9.681;-10.613
2026-09-21T18:14:51.479+02:00;73.549086;9.481;-10.613
2026-09-21T18:14:52.469+02:00;74.539004;9.291;-10.611
2026-09-21T18:14:53.459+02:00;75.528891;9.097;-10.611
2026-09-21T18:14:54.868+02:00;76.938088;8.911;-10.609
2026-09-21T18:14:55.858+02:00;77.927770;8.649;-10.613
2026-09-21T18:14:56.848+02:00;78.917842;8.471;-10.613
2026-09-21T18:14:57.837+02:00;79.907638;8.292;-10.613
2026-09-21T18:14:58.827+02:00;80.897499;8.118;-10.611
2026-09-21T18:14:59.817+02:00;81.887445;7.948;-10.613
2026-09-21T18:15:00.807+02:00;82.877274;7.781;-10.607
2026-09-21T18:15:01.797+02:00;83.867151;7.613;-10.611
2026-09-21T18:15:02.787+02:00;84.857210;7.448;-10.611
2026-09-21T18:15:03.777+02:00;85.846889;7.286;-10.609
2026-09-21T18:15:04.766+02:00;86.836635;7.121;-10.611
2026-09-21T18:15:05.756+02:00;87.826520;6.961;-10.605
2026-09-21T18:15:06.746+02:00;88.816370;6.802;-10.607
2026-09-21T18:15:07.736+02:00;89.806217;6.642;-10.609
2026-09-21T18:15:08.726+02:00;90.796020;6.487;-10.605
2026-09-21T18:15:09.716+02:00;91.786203;6.332;-10.611
2026-09-21T18:15:10.706+02:00;92.775955;6.172;-10.605
2026-09-21T18:15:12.252+02:00;94.322468;6.017;-10.609
2026-09-21T18:15:13.233+02:00;95.302928;5.775;-10.609
2026-09-21T18:15:14.824+02:00;96.894496;5.619;-10.605
2026-09-21T18:15:15.805+02:00;97.875577;5.371;-10.611
2026-09-21T18:15:16.795+02:00;98.865291;5.212;-10.607
2026-09-21T18:15:17.785+02:00;99.855285;5.051;-10.599
2026-09-21T18:15:18.775+02:00;100.844960;4.897;-10.601
2026-09-21T18:15:19.765+02:00;101.834795;4.736;-10.601
2026-09-21T18:15:20.755+02:00;102.824666;4.579;-10.605
2026-09-21T18:15:21.744+02:00;103.814510;4.421;-10.605
2026-09-21T18:15:22.734+02:00;104.804426;4.26;-10.599
2026-09-21T18:15:23.724+02:00;105.794390;4.099;-10.599
2026-09-21T18:15:24.714+02:00;106.784247;3.945;-10.605
2026-09-21T18:15:25.704+02:00;107.773945;3.784;-10.599
2026-09-21T18:15:26.694+02:00;108.763989;3.629;-10.597
2026-09-21T18:15:27.684+02:00;109.753870;3.475;-10.601
2026-09-21T18:15:28.674+02:00;110.743759;3.322;-10.599
2026-09-21T18:15:29.664+02:00;111.733689;3.169;-10.597
2026-09-21T18:15:30.995+02:00;113.065256;3.018;-10.597
2026-09-21T18:15:31.985+02:00;114.055010;2.824;-10.597
2026-09-21T18:15:33.344+02:00;115.413761;2.677;-10.597
2026-09-21T18:15:34.334+02:00;116.403742;2.478;-10.597
2026-09-21T18:15:35.323+02:00;117.393535;2.34;-10.597
2026-09-21T18:15:36.314+02:00;118.383859;2.199;-10.597
2026-09-21T18:15:37.303+02:00;119.373462;2.064;-10.597
2026-09-21T18:15:38.293+02:00;120.363284;1.933;-10.597
2026-09-21T18:15:39.283+02:00;121.353196;1.798;-10.597
2026-09-21T18:15:40.273+02:00;122.342997;1.673;-10.597
2026-09-21T18:15:41.263+02:00;123.332950;1.548;-10.597
2026-09-21T18:15:42.252+02:00;124.322529;1.421;-10.597
2026-09-21T18:15:43.242+02:00;125.312222;1.299;-10.597
2026-09-21T18:15:44.232+02:00;126.302503;1.182;-10.597
2026-09-21T18:15:45.222+02:00;127.292050;1.063;-10.597
2026-09-21T18:15:46.212+02:00;128.281949;0.946;-10.597
2026-09-21T18:15:47.202+02:00;129.271827;0.833;-10.597
2026-09-21T18:15:48.192+02:00;130.261850;0.72;-10.597
2026-09-21T18:15:49.182+02:00;131.251741;0.609;-10.597
2026-09-21T18:15:50.171+02:00;132.241398;0.497;-10.597
2026-09-21T18:15:51.161+02:00;133.231225;0.396;-10.597
2026-09-21T18:15:52.151+02:00;134.221092;0.289;-10.597
2026-09-21T18:15:53.141+02:00;135.211086;0.186;-10.597
2026-09-21T18:15:54.131+02:00;136.201007;0.08;-10.597
2026-09-21T18:15:55.122+02:00;137.191690;-0.017;-10.597
2026-09-21T18:15:56.111+02:00;138.181532;-0.118;-10.597
2026-09-21T18:15:57.101+02:00;139.171250;-0.217;-10.597
2026-09-21T18:15:58.091+02:00;140.161272;-0.311;-10.597
2026-09-21T18:15:59.081+02:00;141.151177;-0.406;-10.597
2026-09-21T18:16:00.071+02:00;142.141321;-0.505;-10.597
2026-09-21T18:16:01.061+02:00;143.130960;-0.598;-10.597
2026-09-21T18:16:02.051+02:00;144.120710;-0.686;-10.597
2026-09-21T18:16:03.041+02:00;145.110764;-0.779;-10.597
2026-09-21T18:16:04.031+02:00;146.100777;-0.87;-10.597
2026-09-21T18:16:05.020+02:00;147.090396;-0.956;-10.597
2026-09-21T18:16:06.010+02:00;148.080236;-1.047;-10.597
2026-09-21T18:16:07.000+02:00;149.070028;-1.128;-10.597
2026-09-21T18:16:07.990+02:00;150.059872;-1.214;-10.597
2026-09-21T18:16:08.980+02:00;151.049725;-1.299;-10.597
2026-09-21T18:16:09.969+02:00;152.039586;-1.381;-10.597
2026-09-21T18:16:10.959+02:00;153.029534;-1.46;-10.597
2026-09-21T18:16:11.949+02:00;154.019572;-1.541;-10.597
2026-09-21T18:16:12.939+02:00;155.009614;-1.623;-10.597
2026-09-21T18:16:13.929+02:00;155.999203;-1.704;-10.597
2026-09-21T18:16:15.447+02:00;157.517099;-1.78;-10.597
2026-09-21T18:16:16.428+02:00;158.498107;-1.895;-10.597
2026-09-21T18:16:17.418+02:00;159.487972;-1.972;-10.597
2026-09-21T18:16:18.408+02:00;160.477798;-2.048;-10.597
2026-09-21T18:16:19.398+02:00;161.467707;-2.121;-10.597
2026-09-21T18:16:20.387+02:00;162.457606;-2.191;-10.597
2026-09-21T18:16:21.377+02:00;163.447508;-2.266;-10.597
2026-09-21T18:16:22.367+02:00;164.437249;-2.334;-10.597
2026-09-21T18:16:23.357+02:00;165.427137;-2.403;-10.597
2026-09-21T18:16:24.347+02:00;166.416959;-2.473;-10.597
2026-09-21T18:16:25.337+02:00;167.406839;-2.542;-10.597
2026-09-21T18:16:26.327+02:00;168.396676;-2.61;-10.595
2026-09-21T18:16:27.317+02:00;169.386681;-2.677;-10.597
2026-09-21T18:16:28.306+02:00;170.376464;-2.743;-10.597
2026-09-21T18:16:29.296+02:00;171.366445;-2.805;-10.597
2026-09-21T18:16:30.286+02:00;172.356279;-2.872;-10.597
2026-09-21T18:16:31.618+02:00;173.687866;-2.936;-10.597
2026-09-21T18:16:32.607+02:00;174.677642;-3.021;-10.597
2026-09-21T18:16:33.597+02:00;175.667529;-3.077;-10.597
2026-09-21T18:16:34.973+02:00;177.043097;-3.14;-10.597
2026-09-21T18:16:35.963+02:00;178.032957;-3.228;-10.597
2026-09-21T18:16:36.953+02:00;179.022821;-3.285;-10.597
2026-09-21T18:16:38.488+02:00;180.557849;-3.345;-10.597
2026-09-21T18:16:39.894+02:00;181.964480;-3.432;-10.595
2026-09-21T18:16:40.884+02:00;182.954305;-3.512;-10.595
2026-09-21T18:16:41.874+02:00;183.944110;-3.573;-10.597
2026-09-21T18:16:42.864+02:00;184.934017;-3.625;-10.597
2026-09-21T18:16:43.854+02:00;185.924027;-3.683;-10.597
2026-09-21T18:16:44.844+02:00;186.913732;-3.734;-10.597
2026-09-21T18:16:46.429+02:00;188.499163;-3.788;-10.595
2026-09-21T18:16:47.410+02:00;189.480200;-3.875;-10.597
2026-09-21T18:16:48.400+02:00;190.470087;-3.923;-10.595
2026-09-21T18:16:49.390+02:00;191.459733;-3.973;-10.597
2026-09-21T18:16:50.380+02:00;192.449795;-4.024;-10.595
2026-09-21T18:16:51.750+02:00;193.820539;-4.074;-10.593
2026-09-21T18:16:53.092+02:00;195.162577;-4.142;-10.593
2026-09-21T18:16:54.082+02:00;196.152165;-4.213;-10.595
2026-09-21T18:16:55.073+02:00;197.143312;-4.257;-10.591
2026-09-21T18:16:56.607+02:00;198.677283;-4.303;-10.595
2026-09-21T18:16:57.588+02:00;199.658270;-4.378;-10.597
2026-09-21T18:16:58.578+02:00;200.648304;-4.426;-10.597
2026-09-21T18:16:59.568+02:00;201.638091;-4.468;-10.597
2026-09-21T18:17:00.558+02:00;202.627795;-4.515;-10.593
2026-09-21T18:17:01.548+02:00;203.617709;-4.561;-10.597
2026-09-21T18:17:02.537+02:00;204.607534;-4.605;-10.595
2026-09-21T18:17:03.527+02:00;205.597580;-4.648;-10.593
2026-09-21T18:17:04.948+02:00;207.018612;-4.692;-10.591
2026-09-21T18:17:05.938+02:00;208.008475;-4.752;-10.591
2026-09-21T18:17:07.456+02:00;209.526504;-4.796;-10.595
2026-09-21T18:17:08.437+02:00;210.507478;-4.857;-10.595
2026-09-21T18:17:09.427+02:00;211.497494;-4.901;-10.595
2026-09-21T18:17:10.417+02:00;212.487243;-4.939;-10.595
2026-09-21T18:17:11.407+02:00;213.476983;-4.986;-10.593
2026-09-21T18:17:12.397+02:00;214.466759;-5.024;-10.595
2026-09-21T18:17:13.944+02:00;216.013699;-4.637;-10.593
2026-09-21T18:17:14.925+02:00;216.994679;-2.302;-10.593
2026-09-21T18:17:15.914+02:00;217.984564;-1.627;-10.593
2026-09-21T18:17:16.904+02:00;218.974351;-1.172;-10.595
2026-09-21T18:17:17.894+02:00;219.964436;-0.855;-10.595
2026-09-21T18:17:18.884+02:00;220.954259;-0.628;-10.593
2026-09-21T18:17:19.874+02:00;221.943963;-0.465;-10.591
2026-09-21T18:17:20.864+02:00;222.933747;-0.344;-10.595
2026-09-21T18:17:21.854+02:00;223.923767;-0.255;-10.597
2026-09-21T18:17:22.843+02:00;224.913449;-0.182;-10.591
2026-09-21T18:17:23.833+02:00;225.903312;-0.136;-10.591
2026-09-21T18:17:24.823+02:00;226.893265;-0.092;-10.593
2026-09-21T18:17:25.813+02:00;227.883042;-0.067;-10.593
2026-09-21T18:17:26.803+02:00;228.872886;-0.043;-10.589
2026-09-21T18:17:27.793+02:00;229.862777;-0.021;-10.591
2026-09-21T18:17:28.782+02:00;230.852518;-0.005;-10.591
2026-09-21T18:17:29.771+02:00;231.841431;0.003;-10.593
2026-09-21T18:17:31.279+02:00;233.349072;0.011;-10.595
2026-09-21T18:17:32.260+02:00;234.330168;0.021;-10.593
2026-09-21T18:17:33.581+02:00;235.650653;0.027;-10.587
2026-09-21T18:17:34.570+02:00;236.640515;0.027;-10.589
2026-09-21T18:17:35.560+02:00;237.630395;0.027;-10.585
2026-09-21T18:17:36.936+02:00;239.006051;0.031;-10.587
2026-09-21T18:17:37.926+02:00;239.996047;0.041;-10.593
2026-09-21T18:17:38.916+02:00;240.985715;0.037;-10.589
2026-09-21T18:17:39.905+02:00;241.975487;0.039;-10.591
2026-09-21T18:17:40.895+02:00;242.965392;0.043;-10.591
2026-09-21T18:17:41.885+02:00;243.955225;0.041;-10.595
2026-09-21T18:17:42.875+02:00;244.945142;0.043;-10.589
2026-09-21T18:17:43.865+02:00;245.935145;0.043;-10.589
2026-09-21T18:17:44.855+02:00;246.924838;0.043;-10.587
2026-09-21T18:17:45.845+02:00;247.914680;0.043;-10.587
2026-09-21T18:17:47.229+02:00;249.299231;0.043;-10.581
2026-09-21T18:17:48.568+02:00;250.638212;0.043;-10.583
2026-09-21T18:17:49.558+02:00;251.627897;0.043;-10.583
2026-09-21T18:17:50.548+02:00;252.617898;0.043;-10.587
2026-09-21T18:17:51.538+02:00;253.607687;0.043;-10.583
2026-09-21T18:17:52.528+02:00;254.597707;0.043;-10.581
2026-09-21T18:17:53.517+02:00;255.587483;0.043;-10.585
2026-09-21T18:17:54.507+02:00;256.577553;0.043;-10.585
2026-09-21T18:17:55.497+02:00;257.567477;0.043;-10.585
2026-09-21T18:17:56.487+02:00;258.557253;0.043;-10.587
2026-09-21T18:17:57.477+02:00;259.547095;0.043;-10.585
2026-09-21T18:17:58.467+02:00;260.536951;0.043;-10.585
2026-09-21T18:17:59.457+02:00;261.526768;0.043;-10.585
2026-09-21T18:18:00.447+02:00;262.516738;0.043;-10.583
2026-09-21T18:18:02.038+02:00;264.107738;0.043;-10.583
2026-09-21T18:18:03.444+02:00;265.513899;0.043;-10.583
2026-09-21T18:18:04.434+02:00;266.503818;0.043;-10.587
2026-09-21T18:18:05.424+02:00;267.493967;0.043;-10.581
2026-09-21T18:18:06.414+02:00;268.483869;0.043;-10.583
2026-09-21T18:18:07.404+02:00;269.473668;0.043;-10.587
2026-09-21T18:18:08.393+02:00;270.463307;0.043;-10.585
2026-09-21T18:18:09.383+02:00;271.453310;0.043;-10.585
2026-09-21T18:18:10.373+02:00;272.443174;0.043;-10.581
2026-09-21T18:18:11.363+02:00;273.432888;0.043;-10.581
2026-09-21T18:18:12.353+02:00;274.422905;0.043;-10.581
2026-09-21T18:18:13.343+02:00;275.412716;0.043;-10.585
2026-09-21T18:18:14.332+02:00;276.402621;0.043;-10.583
2026-09-21T18:18:15.322+02:00;277.392334;0.043;-10.591
2026-09-21T18:18:16.312+02:00;278.382203;0.043;-10.585
2026-09-21T18:18:17.302+02:00;279.372186;0.043;-10.583
2026-09-21T18:18:18.292+02:00;280.362043;0.043;-10.581
2026-09-21T18:18:19.282+02:00;281.351904;0.043;-10.581
2026-09-21T18:18:20.271+02:00;282.341599;0.043;-10.583
2026-09-21T18:18:21.261+02:00;283.331437;0.043;-10.581
2026-09-21T18:18:22.251+02:00;284.321460;0.043;-10.581
2026-09-21T18:18:23.241+02:00;285.311186;0.043;-10.583
2026-09-21T18:18:24.583+02:00;286.653385;0.043;-10.581
2026-09-21T18:18:25.573+02:00;287.643215;0.043;-10.581
2026-09-21T18:18:26.563+02:00;288.633182;0.043;-10.581
2026-09-21T18:18:27.553+02:00;289.622926;0.043;-10.581
2026-09-21T18:18:28.945+02:00;291.015450;0.043;-10.581
2026-09-21T18:18:29.935+02:00;292.005383;0.043;-10.583
2026-09-21T18:18:30.925+02:00;292.995256;0.043;-10.581
2026-09-21T18:18:32.301+02:00;294.370763;0.043;-10.581
2026-09-21T18:18:33.291+02:00;295.360722;0.043;-10.581
2026-09-21T18:18:34.650+02:00;296.719845;0.043;-10.581
2026-09-21T18:18:35.639+02:00;297.709590;0.043;-10.581
2026-09-21T18:18:36.629+02:00;298.699499;0.043;-10.581
2026-09-21T18:18:37.619+02:00;299.689485;0.043;-10.581
2026-09-21T18:18:38.609+02:00;300.679222;0.043;-10.581
2026-09-21T18:18:39.599+02:00;301.668868;0.043;-10.581
2026-09-21T18:18:40.589+02:00;302.658753;0.043;-10.581
2026-09-21T18:18:41.579+02:00;303.648733;0.043;-10.581
2026-09-21T18:18:42.568+02:00;304.638492;0.043;-10.583
2026-09-21T18:18:43.558+02:00;305.628391;0.043;-10.581
2026-09-21T18:18:44.548+02:00;306.618412;0.043;-10.581
2026-09-21T18:18:45.538+02:00;307.608074;0.043;-10.583
2026-09-21T18:18:46.528+02:00;308.598023;0.043;-10.583
2026-09-21T18:18:47.518+02:00;309.588010;0.043;-10.581
2026-09-21T18:18:48.508+02:00;310.577792;0.043;-10.581
2026-09-21T18:18:49.497+02:00;311.567500;0.043;-10.581
2026-09-21T18:18:50.487+02:00;312.557508;0.043;-10.581
2026-09-21T18:18:51.477+02:00;313.547229;0.043;-10.581
2026-09-21T18:18:52.467+02:00;314.537195;0.043;-10.581
2026-09-21T18:18:53.457+02:00;315.526976;0.043;-10.581
2026-09-21T18:18:54.447+02:00;316.516874;0.043;-10.581
2026-09-21T18:18:55.437+02:00;317.506839;0.043;-10.581
2026-09-21T18:18:56.427+02:00;318.496697;0.043;-10.581
2026-09-21T18:18:57.802+02:00;319.872288;0.043;-10.581
2026-09-21T18:18:59.639+02:00;321.709141;0.043;-10.581
2026-09-21T18:19:00.620+02:00;322.690073;0.043;-10.581
2026-09-21T18:19:01.610+02:00;323.679904;0.043;-10.581
2026-09-21T18:19:02.600+02:00;324.669806;0.043;-10.581
2026-09-21T18:19:03.590+02:00;325.659853;0.043;-10.581
2026-09-21T18:19:04.579+02:00;326.649500;0.043;-10.581
2026-09-21T18:19:05.569+02:00;327.639323;0.043;-10.581
2026-09-21T18:19:06.559+02:00;328.629304;0.043;-10.581
2026-09-21T18:19:07.549+02:00;329.619173;0.043;-10.581
2026-09-21T18:19:09.034+02:00;331.104530;0.043;-10.581
2026-09-21T18:19:10.015+02:00;332.085487;0.043;-10.581
2026-09-21T18:19:11.005+02:00;333.075148;0.043;-10.581
2026-09-21T18:19:11.995+02:00;334.064987;0.043;-10.581
2026-09-21T18:19:12.985+02:00;335.055102;0.043;-10.581
2026-09-21T18:19:13.975+02:00;336.044682;0.043;-10.581
2026-09-21T18:19:14.965+02:00;337.034760;0.043;-10.581
2026-09-21T18:19:15.954+02:00;338.024634;0.043;-10.581
2026-09-21T18:19:16.944+02:00;339.014240;0.043;-10.581
2026-09-21T18:19:17.934+02:00;340.004243;0.043;-10.581
2026-09-21T18:19:18.924+02:00;340.994288;0.043;-10.581
2026-09-21T18:19:19.914+02:00;341.983923;0.043;-10.581
2026-09-21T18:19:20.904+02:00;342.973759;0.043;-10.581
2026-09-21T18:19:21.893+02:00;343.963492;0.043;-10.581
2026-09-21T18:19:22.883+02:00;344.953299;0.043;-10.581
2026-09-21T18:19:23.873+02:00;345.943185;0.043;-10.581
2026-09-21T18:19:24.863+02:00;346.933337;0.043;-10.581
2026-09-21T18:19:25.853+02:00;347.922992;0.043;-10.581
2026-09-21T18:19:26.843+02:00;348.912692;0.043;-10.579
2026-09-21T18:19:27.832+02:00;349.902531;0.043;-10.581
2026-09-21T18:19:28.822+02:00;350.892544;0.043;-10.581
2026-09-21T18:19:29.812+02:00;351.882459;0.043;-10.581
2026-09-21T18:19:30.802+02:00;352.872137;0.043;-10.581
2026-09-21T18:19:31.792+02:00;353.861991;0.043;-10.581
2026-09-21T18:19:32.782+02:00;354.852011;0.043;-10.581
2026-09-21T18:19:33.772+02:00;355.841862;0.043;-10.581
2026-09-21T18:19:34.762+02:00;356.831758;0.043;-10.581
2026-09-21T18:19:35.751+02:00;357.821423;0.043;-10.581
2026-09-21T18:19:36.742+02:00;358.811653;0.043;-10.581
2026-09-21T18:19:37.731+02:00;359.801247;0.043;-10.581
2026-09-21T18:19:39.233+02:00;361.303631;0.043;-10.581
2026-09-21T18:19:40.214+02:00;362.284645;0.043;-10.581
2026-09-21T18:19:41.204+02:00;363.274187;0.043;-10.581
2026-09-21T18:19:42.194+02:00;364.264012;0.043;-10.581
2026-09-21T18:19:43.548+02:00;365.618143;0.043;-10.581
2026-09-21T18:19:44.538+02:00;366.607783;0.043;-10.581
2026-09-21T18:19:45.528+02:00;367.597665;0.043;-10.581
2026-09-21T18:19:46.518+02:00;368.587789;0.043;-10.581
2026-09-21T18:19:47.507+02:00;369.577452;0.043;-10.581
2026-09-21T18:19:48.497+02:00;370.567265;0.043;-10.581
2026-09-21T18:19:49.487+02:00;371.557253;0.043;-10.581
2026-09-21T18:19:50.477+02:00;372.547123;0.043;-10.581
2026-09-21T18:19:51.467+02:00;373.536863;0.043;-10.581
2026-09-21T18:19:52.831+02:00;374.901592;0.043;-10.581
2026-09-21T18:19:53.821+02:00;375.891256;0.043;-10.581
2026-09-21T18:19:54.811+02:00;376.881322;0.043;-10.581
2026-09-21T18:19:55.801+02:00;377.871152;0.043;-10.581
2026-09-21T18:19:56.791+02:00;378.861069;0.043;-10.581
2026-09-21T18:19:58.359+02:00;380.429341;0.043;-10.581
2026-09-21T18:19:59.925+02:00;381.995446;0.043;-10.581
2026-09-21T18:20:00.906+02:00;382.976338;0.043;-10.581
2026-09-21T18:20:01.896+02:00;383.966172;0.043;-10.581
2026-09-21T18:20:02.886+02:00;384.955924;0.043;-10.581
2026-09-21T18:20:03.876+02:00;385.945952;0.043;-10.579
2026-09-21T18:20:04.865+02:00;386.935643;0.043;-10.581
2026-09-21T18:20:05.855+02:00;387.925524;0.043;-10.581
2026-09-21T18:20:07.260+02:00;389.330027;0.043;-10.579
2026-09-21T18:20:08.250+02:00;390.319858;0.043;-10.581
2026-09-21T18:20:09.240+02:00;391.309716;0.043;-10.581
2026-09-21T18:20:10.229+02:00;392.299485;0.043;-10.581
2026-09-21T18:20:11.219+02:00;393.289193;0.043;-10.581
2026-09-21T18:20:12.209+02:00;394.279135;0.043;-10.581
2026-09-21T18:20:13.199+02:00;395.269091;0.043;-10.581
2026-09-21T18:20:14.189+02:00;396.258789;0.043;-10.581
2026-09-21T18:20:15.179+02:00;397.248827;0.043;-10.579
2026-09-21T18:20:16.168+02:00;398.238475;0.043;-10.579
2026-09-21T18:20:17.158+02:00;399.228508;0.043;-10.579
2026-09-21T18:20:18.556+02:00;400.626534;0.043;-10.579
2026-09-21T18:20:20.058+02:00;402.127881;0.043;-10.579
2026-09-21T18:20:21.039+02:00;403.108816;0.043;-10.581
2026-09-21T18:20:22.854+02:00;404.924096;0.043;-10.579
2026-09-21T18:20:23.835+02:00;405.905162;0.043;-10.581
2026-09-21T18:20:24.825+02:00;406.894890;0.043;-10.577
2026-09-21T18:20:25.815+02:00;407.884892;0.043;-10.579
2026-09-21T18:20:26.805+02:00;408.874697;0.043;-10.573
2026-09-21T18:20:28.670+02:00;410.740432;0.043;-10.573
2026-09-21T18:20:29.651+02:00;411.721271;0.043;-10.581
2026-09-21T18:20:30.641+02:00;412.710983;0.043;-10.581
2026-09-21T18:20:31.631+02:00;413.700861;0.043;-10.573
2026-09-21T18:20:32.621+02:00;414.690706;0.043;-10.573
2026-09-21T18:20:33.610+02:00;415.680576;0.043;-10.575
2026-09-21T18:20:34.600+02:00;416.670562;0.043;-10.577
2026-09-21T18:20:35.590+02:00;417.660248;0.043;-10.575
2026-09-21T18:20:36.580+02:00;418.650107;0.043;-10.575
2026-09-21T18:20:37.570+02:00;419.639973;0.043;-10.577
2026-09-21T18:20:38.560+02:00;420.629816;0.043;-10.579
2026-09-21T18:20:39.550+02:00;421.619662;0.043;-10.575
2026-09-21T18:20:40.540+02:00;422.609667;0.043;-10.577
2026-09-21T18:20:41.529+02:00;423.599511;0.043;-10.573
2026-09-21T18:20:42.519+02:00;424.589388;0.043;-10.571
2026-09-21T18:20:43.509+02:00;425.579032;0.043;-10.571
2026-09-21T18:20:45.000+02:00;427.069981;0.043;-10.571
2026-09-21T18:20:46.406+02:00;428.476558;0.043;-10.569
2026-09-21T18:20:47.396+02:00;429.466557;0.043;-10.567
2026-09-21T18:20:48.386+02:00;430.456282;0.043;-10.573
2026-09-21T18:20:49.376+02:00;431.446097;0.043;-10.573
2026-09-21T18:20:50.366+02:00;432.435974;0.043;-10.567
2026-09-21T18:20:51.356+02:00;433.425901;0.043;-10.565
2026-09-21T18:20:52.346+02:00;434.416137;0.043;-10.569
2026-09-21T18:20:53.335+02:00;435.405556;0.043;-10.565
2026-09-21T18:20:54.325+02:00;436.395421;0.043;-10.571
2026-09-21T18:20:55.315+02:00;437.385504;0.043;-10.569
2026-09-21T18:20:56.305+02:00;438.375223;0.043;-10.569
2026-09-21T18:20:57.295+02:00;439.365144;0.043;-10.567
2026-09-21T18:20:58.285+02:00;440.354786;0.043;-10.565
2026-09-21T18:20:59.275+02:00;441.344819;0.043;-10.567
2026-09-21T18:21:00.264+02:00;442.334528;0.043;-10.567
2026-09-21T18:21:01.254+02:00;443.324394;0.043;-10.569
2026-09-21T18:21:02.244+02:00;444.314157;0.043;-10.567
2026-09-21T18:21:03.234+02:00;445.304121;0.043;-10.565
2026-09-21T18:21:04.224+02:00;446.293939;0.043;-10.567
2026-09-21T18:21:05.214+02:00;447.284010;0.043;-10.565
2026-09-21T18:21:06.204+02:00;448.273681;0.043;-10.567
2026-09-21T18:21:07.194+02:00;449.263658;0.043;-10.565
2026-09-21T18:21:08.552+02:00;450.622637;0.043;-10.565
2026-09-21T18:21:09.542+02:00;451.612499;0.043;-10.567
2026-09-21T18:21:10.533+02:00;452.602714;0.043;-10.565
2026-09-21T18:21:11.908+02:00;453.978074;0.043;-10.565
2026-09-21T18:21:12.898+02:00;454.967876;0.043;-10.565
2026-09-21T18:21:13.888+02:00;455.957786;0.043;-10.565
2026-09-21T18:21:15.263+02:00;457.333574;0.045;-10.565
2026-09-21T18:21:16.253+02:00;458.323578;0.043;-10.565
2026-09-21T18:21:17.243+02:00;459.313093;0.043;-10.565
2026-09-21T18:21:18.233+02:00;460.302859;0.043;-10.565
2026-09-21T18:21:19.223+02:00;461.292689;0.043;-10.565
2026-09-21T18:21:20.212+02:00;462.282614;0.043;-10.565
2026-09-21T18:21:21.202+02:00;463.272366;0.043;-10.565
2026-09-21T18:21:22.193+02:00;464.262764;0.043;-10.565
2026-09-21T18:21:23.182+02:00;465.252578;0.043;-10.565
2026-09-21T18:21:24.706+02:00;466.776057;0.043;-10.565
2026-09-21T18:21:26.112+02:00;468.182640;0.045;-10.565
2026-09-21T18:21:27.103+02:00;469.172786;0.043;-10.565
2026-09-21T18:21:28.092+02:00;470.162468;0.043;-10.565
2026-09-21T18:21:29.082+02:00;471.152175;0.043;-10.565
2026-09-21T18:21:30.072+02:00;472.142294;0.043;-10.565
2026-09-21T18:21:31.481+02:00;473.551561;0.043;-10.565
2026-09-21T18:21:32.471+02:00;474.541207;0.043;-10.565
2026-09-21T18:21:33.461+02:00;475.531107;0.043;-10.565
2026-09-21T18:21:34.451+02:00;476.520973;0.043;-10.565
2026-09-21T18:21:35.441+02:00;477.510969;0.043;-10.565
2026-09-21T18:21:36.431+02:00;478.500749;0.043;-10.565
2026-09-21T18:21:37.421+02:00;479.490811;0.043;-10.565
2026-09-21T18:21:38.411+02:00;480.480682;0.043;-10.565
2026-09-21T18:21:39.400+02:00;481.470290;0.043;-10.565
2026-09-21T18:21:40.924+02:00;482.994215;0.043;-10.565
2026-09-21T18:21:42.330+02:00;484.400562;0.043;-10.565
2026-09-21T18:21:43.320+02:00;485.390597;0.043;-10.565
2026-09-21T18:21:44.310+02:00;486.380303;0.043;-10.565
2026-09-21T18:21:45.300+02:00;487.370317;0.043;-10.565
2026-09-21T18:21:46.290+02:00;488.360040;0.043;-10.565
2026-09-21T18:21:47.699+02:00;489.769344;0.043;-10.565
2026-09-21T18:21:49.041+02:00;491.111463;0.043;-10.565
2026-09-21T18:21:50.031+02:00;492.101335;0.043;-10.565
2026-09-21T18:21:51.021+02:00;493.091581;0.043;-10.565
2026-09-21T18:21:52.011+02:00;494.081155;0.043;-10.565
2026-09-21T18:21:53.563+02:00;495.633147;0.043;-10.565
2026-09-21T18:21:54.544+02:00;496.614090;0.043;-10.565
2026-09-21T18:21:55.534+02:00;497.603707;0.043;-10.565
2026-09-21T18:21:56.523+02:00;498.593499;0.043;-10.565
2026-09-21T18:21:57.513+02:00;499.583350;0.043;-10.565
2026-09-21T18:21:58.884+02:00;500.954269;0.043;-10.565
2026-09-21T18:21:59.874+02:00;501.944021;0.043;-10.565
2026-09-21T18:22:00.864+02:00;502.933893;0.043;-10.565
2026-09-21T18:22:01.854+02:00;503.923727;0.043;-10.565
2026-09-21T18:22:02.844+02:00;504.913662;0.043;-10.565
2026-09-21T18:22:03.833+02:00;505.903541;0.043;-10.565
2026-09-21T18:22:04.823+02:00;506.893519;0.043;-10.565
2026-09-21T18:22:05.813+02:00;507.882959;0.043;-10.565
2026-09-21T18:22:06.803+02:00;508.873044;0.043;-10.565
2026-09-21T18:22:07.793+02:00;509.863078;0.043;-10.565
2026-09-21T18:22:08.783+02:00;510.852933;0.043;-10.565
2026-09-21T18:22:09.773+02:00;511.842828;0.043;-10.565
2026-09-21T18:22:10.763+02:00;512.832734;0.043;-10.565
2026-09-21T18:22:11.752+02:00;513.822599;0.043;-10.565
2026-09-21T18:22:12.742+02:00;514.812190;0.043;-10.565
2026-09-21T18:22:13.732+02:00;515.802041;0.043;-10.565
2026-09-21T18:22:14.722+02:00;516.791883;0.043;-10.565
2026-09-21T18:22:15.712+02:00;517.781941;0.043;-10.565
2026-09-21T18:22:16.701+02:00;518.771601;0.043;-10.563
2026-09-21T18:22:17.692+02:00;519.761857;0.043;-10.565
2026-09-21T18:22:18.681+02:00;520.751313;0.043;-10.563
2026-09-21T18:22:19.671+02:00;521.741064;0.043;-10.565
2026-09-21T18:22:20.661+02:00;522.730980;0.043;-10.565
2026-09-21T18:22:21.651+02:00;523.720879;0.043;-10.565
2026-09-21T18:22:22.640+02:00;524.710629;0.043;-10.563
2026-09-21T18:22:23.632+02:00;525.701933;0.043;-10.565
2026-09-21T18:22:24.621+02:00;526.690674;0.043;-10.563
2026-09-21T18:22:25.610+02:00;527.680309;0.043;-10.561
2026-09-21T18:22:26.600+02:00;528.670187;0.043;-10.561
2026-09-21T18:22:27.590+02:00;529.659993;0.043;-10.555
2026-09-21T18:22:28.580+02:00;530.650003;0.043;-10.561
2026-09-21T18:22:29.570+02:00;531.640103;0.043;-10.565
2026-09-21T18:22:30.560+02:00;532.629869;0.043;-10.561
2026-09-21T18:22:31.549+02:00;533.619529;0.043;-10.563
2026-09-21T18:22:32.539+02:00;534.609296;0.043;-10.563
2026-09-21T18:22:34.052+02:00;536.121988;0.043;-10.555
2026-09-21T18:22:35.033+02:00;537.102984;0.043;-10.561
2026-09-21T18:22:36.023+02:00;538.092936;0.043;-10.559
2026-09-21T18:22:37.013+02:00;539.082792;0.043;-10.555
2026-09-21T18:22:38.003+02:00;540.072655;0.043;-10.559
2026-09-21T18:22:38.992+02:00;541.062246;0.043;-10.559
2026-09-21T18:22:39.982+02:00;542.052100;0.043;-10.557
2026-09-21T18:22:40.972+02:00;543.042381;0.043;-10.553
2026-09-21T18:22:41.962+02:00;544.032051;0.043;-10.555
2026-09-21T18:22:42.952+02:00;545.021700;0.043;-10.549
2026-09-21T18:22:44.454+02:00;546.523751;0.043;-10.553
2026-09-21T18:22:45.435+02:00;547.504687;0.043;-10.557
2026-09-21T18:22:46.424+02:00;548.494560;0.043;-10.551
2026-09-21T18:22:47.414+02:00;549.484372;0.043;-10.551
2026-09-21T18:22:48.404+02:00;550.474430;0.043;-10.553
2026-09-21T18:22:49.394+02:00;551.464280;0.043;-10.553
2026-09-21T18:22:50.384+02:00;552.453938;0.045;-10.555
2026-09-21T18:22:51.374+02:00;553.443780;0.043;-10.549
2026-09-21T18:22:52.954+02:00;555.024206;0.043;-10.549
2026-09-21T18:22:53.935+02:00;556.005313;0.043;-10.551
2026-09-21T18:22:54.925+02:00;556.995011;0.043;-10.551
2026-09-21T18:22:55.915+02:00;557.984880;0.043;-10.549
2026-09-21T18:22:56.905+02:00;558.974753;0.043;-10.549
2026-09-21T18:22:57.894+02:00;559.964536;0.043;-10.549
2026-09-21T18:22:58.884+02:00;560.954434;0.043;-10.549
2026-09-21T18:22:59.874+02:00;561.944465;0.043;-10.549
2026-09-21T18:23:00.864+02:00;562.934095;0.043;-10.549
2026-09-21T18:23:01.854+02:00;563.923899;0.043;-10.549
2026-09-21T18:23:02.844+02:00;564.913713;0.043;-10.549
2026-09-21T18:23:03.833+02:00;565.903536;0.043;-10.549
2026-09-21T18:23:04.824+02:00;566.893722;0.043;-10.549
2026-09-21T18:23:05.813+02:00;567.883303;0.043;-10.549
2026-09-21T18:23:06.803+02:00;568.873163;0.043;-10.549
2026-09-21T18:23:07.793+02:00;569.862977;0.043;-10.549
2026-09-21T18:23:08.783+02:00;570.852778;0.043;-10.549
2026-09-21T18:23:09.773+02:00;571.842751;0.043;-10.549
2026-09-21T18:23:10.763+02:00;572.832849;0.043;-10.549
2026-09-21T18:23:11.752+02:00;573.822449;0.043;-10.549
2026-09-21T18:23:12.742+02:00;574.812278;0.043;-10.549
2026-09-21T18:23:13.732+02:00;575.802171;0.043;-10.549
2026-09-21T18:23:14.722+02:00;576.792009;0.043;-10.549
2026-09-21T18:23:15.712+02:00;577.781856;0.043;-10.549
2026-09-21T18:23:16.702+02:00;578.772001;0.043;-10.549
2026-09-21T18:23:17.692+02:00;579.761743;0.043;-10.549
2026-09-21T18:23:18.681+02:00;580.751440;0.043;-10.549
2026-09-21T18:23:19.671+02:00;581.741277;0.043;-10.549
2026-09-21T18:23:21.092+02:00;583.162441;0.043;-10.549
2026-09-21T18:23:22.082+02:00;584.152339;0.043;-10.549
2026-09-21T18:23:23.441+02:00;585.511253;0.043;-10.549
2026-09-21T18:23:24.431+02:00;586.501128;0.043;-10.549
2026-09-21T18:23:25.421+02:00;587.490999;0.043;-10.549
2026-09-21T18:23:26.411+02:00;588.481228;0.043;-10.549
2026-09-21T18:23:27.401+02:00;589.470933;0.043;-10.549
2026-09-21T18:23:28.390+02:00;590.460576;0.043;-10.549
2026-09-21T18:23:29.380+02:00;591.450454;0.043;-10.549
2026-09-21T18:23:30.370+02:00;592.440318;0.041;-10.549
2026-09-21T18:23:31.360+02:00;593.430249;0.043;-10.549
2026-09-21T18:23:32.350+02:00;594.420135;0.043;-10.549
2026-09-21T18:23:33.340+02:00;595.410070;0.043;-10.549
2026-09-21T18:23:34.330+02:00;596.399751;0.043;-10.549
2026-09-21T18:23:35.904+02:00;597.973956;0.043;-10.549
2026-09-21T18:23:36.885+02:00;598.954949;0.043;-10.549
2026-09-21T18:23:37.874+02:00;599.944603;0.043;-10.549
2026-09-21T18:23:38.864+02:00;600.934546;0.043;-10.549
2026-09-21T18:23:39.854+02:00;601.924390;0.043;-10.549
2026-09-21T18:23:40.844+02:00;602.914473;0.041;-10.549
2026-09-21T18:23:41.834+02:00;603.904049;0.035;-10.549
2026-09-21T18:23:42.824+02:00;604.893903;0.031;-10.549
2026-09-21T18:23:43.814+02:00;605.883838;0.033;-10.549
2026-09-21T18:23:44.804+02:00;606.873721;0.027;-10.549
2026-09-21T18:23:45.793+02:00;607.863559;0.027;-10.547
2026-09-21T18:23:46.783+02:00;608.853573;0.027;-10.549
2026-09-21T18:23:47.773+02:00;609.843257;0.027;-10.549
2026-09-21T18:23:48.763+02:00;610.833128;0.025;-10.545
2026-09-21T18:23:49.753+02:00;611.822992;0.015;-10.547
2026-09-21T18:23:51.339+02:00;613.408913;0.011;-10.547
2026-09-21T18:23:52.905+02:00;614.974947;0.011;-10.549
2026-09-21T18:23:53.887+02:00;615.956737;-0.005;-10.549
2026-09-21T18:23:54.876+02:00;616.946523;-0.015;-10.549
2026-09-21T18:23:55.866+02:00;617.936503;-0.021;-10.547
2026-09-21T18:23:56.856+02:00;618.926254;-0.037;-10.547
2026-09-21T18:23:57.846+02:00;619.916233;-0.041;-10.545
2026-09-21T18:23:58.836+02:00;620.906054;-0.053;-10.543
2026-09-21T18:23:59.826+02:00;621.895922;-0.069;-10.543
2026-09-21T18:24:00.816+02:00;622.885747;-0.076;-10.539
2026-09-21T18:24:01.805+02:00;623.875275;-0.086;-10.543
2026-09-21T18:24:02.795+02:00;624.865235;-0.102;-10.543
2026-09-21T18:24:03.785+02:00;625.855075;-0.118;-10.539
2026-09-21T18:24:04.775+02:00;626.844907;-0.128;-10.539
2026-09-21T18:24:05.765+02:00;627.834797;-0.138;-10.536
2026-09-21T18:24:06.755+02:00;628.824951;-0.158;-10.536
2026-09-21T18:24:07.744+02:00;629.814480;-0.172;-10.539
2026-09-21T18:24:08.734+02:00;630.804305;-0.188;-10.534
2026-09-21T18:24:09.724+02:00;631.794337;-0.198;-10.534
2026-09-21T18:24:10.714+02:00;632.784003;-0.217;-10.534
2026-09-21T18:24:12.096+02:00;634.166109;-0.233;-10.532
2026-09-21T18:24:13.086+02:00;635.156085;-0.263;-10.532
2026-09-21T18:24:14.076+02:00;636.145920;-0.279;-10.532
2026-09-21T18:24:15.066+02:00;637.135767;-0.295;-10.532
2026-09-21T18:24:16.055+02:00;638.125606;-0.311;-10.532
2026-09-21T18:24:17.045+02:00;639.115429;-0.327;-10.534
2026-09-21T18:24:18.035+02:00;640.105527;-0.356;-10.532
2026-09-21T18:24:19.025+02:00;641.095307;-0.374;-10.532
2026-09-21T18:24:20.015+02:00;642.085214;-0.392;-10.532
2026-09-21T18:24:21.539+02:00;643.608864;-0.416;-10.532
2026-09-21T18:24:22.520+02:00;644.589825;-0.446;-10.534
2026-09-21T18:24:23.509+02:00;645.579624;-0.473;-10.532
2026-09-21T18:24:24.499+02:00;646.569412;-0.491;-10.532
2026-09-21T18:24:25.489+02:00;647.559352;-0.517;-10.532
2026-09-21T18:24:26.479+02:00;648.549218;-0.537;-10.532
2026-09-21T18:24:27.469+02:00;649.539350;-0.561;-10.532
2026-09-21T18:24:28.459+02:00;650.528921;-0.583;-10.532
2026-09-21T18:24:29.880+02:00;651.950026;-0.604;-10.532
2026-09-21T18:24:30.870+02:00;652.939896;-0.638;-10.532
2026-09-21T18:24:32.724+02:00;654.793874;-0.664;-10.532
2026-09-21T18:24:33.705+02:00;655.774815;-0.7;-10.532
2026-09-21T18:24:34.695+02:00;656.764654;-0.727;-10.532
2026-09-21T18:24:35.684+02:00;657.754566;-0.747;-10.532
2026-09-21T18:24:36.674+02:00;658.744135;-0.767;-10.532
2026-09-21T18:24:37.664+02:00;659.733918;-0.795;-10.532
2026-09-21T18:24:38.654+02:00;660.723851;-0.813;-10.532
2026-09-21T18:24:39.644+02:00;661.713696;-0.843;-10.532
2026-09-21T18:24:41.224+02:00;663.294258;-0.86;-10.532
2026-09-21T18:24:42.205+02:00;664.275067;-0.906;-10.532
2026-09-21T18:24:43.525+02:00;665.595556;-0.924;-10.532
2026-09-21T18:24:44.515+02:00;666.585472;-0.956;-10.532
2026-09-21T18:24:45.505+02:00;667.575304;-0.982;-10.532
2026-09-21T18:24:46.495+02:00;668.565029;-1.005;-10.532
2026-09-21T18:24:47.485+02:00;669.554929;-1.033;-10.532
2026-09-21T18:24:48.475+02:00;670.544947;-1.053;-10.532
2026-09-21T18:24:49.464+02:00;671.534622;-1.083;-10.532
2026-09-21T18:24:50.455+02:00;672.524664;-1.101;-10.532
2026-09-21T18:24:51.444+02:00;673.514442;-1.134;-10.532
2026-09-21T18:24:52.434+02:00;674.504125;-1.154;-10.532
2026-09-21T18:24:53.424+02:00;675.493972;-1.182;-10.532
2026-09-21T18:24:54.822+02:00;676.892181;-1.202;-10.53
2026-09-21T18:24:56.164+02:00;678.234567;-1.236;-10.528
2026-09-21T18:24:57.154+02:00;679.224174;-1.273;-10.53
2026-09-21T18:24:58.144+02:00;680.214140;-1.295;-10.532
2026-09-21T18:24:59.134+02:00;681.203882;-1.319;-10.528
2026-09-21T18:25:00.124+02:00;682.193872;-1.343;-10.532
2026-09-21T18:25:01.114+02:00;683.183683;-1.369;-10.53
2026-09-21T18:25:02.103+02:00;684.173488;-1.391;-10.532
2026-09-21T18:25:03.093+02:00;685.163302;-1.418;-10.526
2026-09-21T18:25:04.083+02:00;686.153022;-1.442;-10.53
2026-09-21T18:25:05.073+02:00;687.142898;-1.468;-10.528
2026-09-21T18:25:06.063+02:00;688.133005;-1.49;-10.528
2026-09-21T18:25:07.053+02:00;689.122703;-1.52;-10.528
2026-09-21T18:25:08.042+02:00;690.112500;-1.539;-10.528
2026-09-21T18:25:09.032+02:00;691.102385;-1.567;-10.524
2026-09-21T18:25:10.369+02:00;692.439051;-1.587;-10.52
2026-09-21T18:25:11.359+02:00;693.428911;-1.625;-10.528
2026-09-21T18:25:12.349+02:00;694.418893;-1.649;-10.524
2026-09-21T18:25:13.339+02:00;695.408662;-1.669;-10.52
2026-09-21T18:25:14.328+02:00;696.398475;-1.698;-10.518
2026-09-21T18:25:15.318+02:00;697.388496;-1.724;-10.526
2026-09-21T18:25:16.308+02:00;698.378211;-1.746;-10.522
2026-09-21T18:25:17.298+02:00;699.368183;-1.772;-10.522
2026-09-21T18:25:18.288+02:00;700.357960;-1.794;-10.516
2026-09-21T18:25:19.653+02:00;701.722654;-1.823;-10.516
2026-09-21T18:25:20.642+02:00;702.712575;-1.855;-10.518
2026-09-21T18:25:21.632+02:00;703.702549;-1.875;-10.516
2026-09-21T18:25:22.622+02:00;704.691919;-1.903;-10.516
2026-09-21T18:25:24.014+02:00;706.084495;-1.923;-10.516
2026-09-21T18:25:25.004+02:00;707.074343;-1.956;-10.516
2026-09-21T18:25:25.994+02:00;708.064367;-1.988;-10.516
2026-09-21T18:25:26.984+02:00;709.054038;-2.004;-10.516
2026-09-21T18:25:27.974+02:00;710.044025;-2.036;-10.516
2026-09-21T18:25:28.964+02:00;711.033888;-2.054;-10.516
2026-09-21T18:25:29.953+02:00;712.023589;-2.082;-10.516
2026-09-21T18:25:30.943+02:00;713.013605;-2.103;-10.518
2026-09-21T18:25:31.933+02:00;714.003626;-2.131;-10.516
2026-09-21T18:25:32.923+02:00;714.993139;-2.149;-10.516
2026-09-21T18:25:33.913+02:00;715.983012;-2.175;-10.516
2026-09-21T18:25:34.903+02:00;716.972866;-2.197;-10.516
2026-09-21T18:25:36.318+02:00;718.387726;-2.223;-10.516
2026-09-21T18:25:37.307+02:00;719.377600;-2.26;-10.516
2026-09-21T18:25:38.298+02:00;720.367649;-2.278;-10.516
2026-09-21T18:25:39.287+02:00;721.357492;-2.3;-10.516
2026-09-21T18:25:40.277+02:00;722.347290;-2.326;-10.516
2026-09-21T18:25:41.267+02:00;723.337026;-2.342;-10.516
2026-09-21T18:25:42.852+02:00;724.922448;-2.372;-10.516
2026-09-21T18:25:44.259+02:00;726.329006;-2.405;-10.516
2026-09-21T18:25:45.249+02:00;727.319057;-2.439;-10.516
2026-09-21T18:25:46.608+02:00;728.677980;-2.459;-10.516
2026-09-21T18:25:47.598+02:00;729.667750;-2.493;-10.516
2026-09-21T18:25:48.956+02:00;731.026595;-2.52;-10.516
2026-09-21T18:25:49.946+02:00;732.016419;-2.548;-10.516
2026-09-21T18:25:50.936+02:00;733.006265;-2.568;-10.516
2026-09-21T18:25:51.926+02:00;733.996099;-2.592;-10.516
2026-09-21T18:25:52.916+02:00;734.986162;-2.616;-10.516
2026-09-21T18:25:53.906+02:00;735.975911;-2.634;-10.516
2026-09-21T18:25:54.896+02:00;736.965697;-2.658;-10.516
2026-09-21T18:25:55.886+02:00;737.955682;-2.681;-10.516
2026-09-21T18:25:56.875+02:00;738.945424;-2.699;-10.516
2026-09-21T18:25:57.865+02:00;739.935248;-2.721;-10.516
2026-09-21T18:25:58.855+02:00;740.925328;-2.745;-10.516
2026-09-21T18:25:59.845+02:00;741.915034;-2.763;-10.516
2026-09-21T18:26:01.260+02:00;743.330086;-2.789;-10.514
2026-09-21T18:26:02.250+02:00;744.319761;-2.816;-10.516
2026-09-21T18:26:03.239+02:00;745.309605;-2.84;-10.516
2026-09-21T18:26:04.229+02:00;746.299460;-2.858;-10.514
2026-09-21T18:26:05.219+02:00;747.289340;-2.874;-10.514
2026-09-21T18:26:06.209+02:00;748.279126;-2.904;-10.516
2026-09-21T18:26:07.523+02:00;749.593332;-2.922;-10.506
2026-09-21T18:26:08.513+02:00;750.583465;-2.948;-10.516
2026-09-21T18:26:09.503+02:00;751.573326;-2.971;-10.512
2026-09-21T18:26:11.038+02:00;753.108323;-2.987;-10.508
2026-09-21T18:26:12.019+02:00;754.089043;-3.021;-10.508
